{
  "experiment": "edge_state_prediction",
  "n_samples": 2000,
  "hidden_dim": 64,
  "n_layers": 3,
  "fix_capfactor": false,
  "best_val_loss": 0.0025819787476211785,
  "final_epoch": 440,
  "wall_time_s": 1030.2454235,
  "derived_r2_meoh_rate_proxy": -0.06386156653067188,
  "derived_mae_meoh_rate_proxy": 0.37221816182136536,
  "r2_m_dot_total": 0.9909228081256192,
  "mae_m_dot_total": 1.8833719491958618,
  "r2_T": 0.9998697024000898,
  "mae_T": 0.6329947710037231,
  "r2_P": 0.9869354485223497,
  "mae_P": 1.4819533824920654,
  "r2_x_CO2": 0.9998540775447811,
  "mae_x_CO2": 0.0022882544435560703,
  "r2_x_H2": 0.9999497717684588,
  "mae_x_H2": 0.001416670740582049,
  "r2_x_MeOH": 0.999878060634796,
  "mae_x_MeOH": 0.0014842929085716605,
  "r2_x_H2O": 0.9998897884287363,
  "mae_x_H2O": 0.002247786382213235,
  "r2_x_inert": 0.9999168552411221,
  "mae_x_inert": 0.00034913778654299676,
  "per_edge_r2_0": 0.9935835270082292,
  "per_edge_r2_1": 0.9933476669592533,
  "per_edge_r2_2": 0.9997327127150932,
  "per_edge_r2_3": 0.9820969739501699,
  "per_edge_r2_4": 0.9957115068014619,
  "per_edge_r2_5": 0.9993234096262764,
  "per_edge_r2_6": 0.9998420341480913,
  "per_edge_r2_7": 0.9999109139391265,
  "per_edge_r2_8": 0.9994167245406121,
  "per_edge_r2_9": 0.9999241048726023,
  "per_edge_r2_10": 0.9997509406630678,
  "per_edge_r2_11": 0.9997112001772201,
  "per_edge_r2_12": 0.9989603261531445
}